{
   "丹麦-9-前锋-布雷恩韦特": [-0.064449362, -0.0098450845, -0.043469232, -0.037425023, 0.10320345, 0.042084977, -0.065562397, -0.0095433686, -0.085261494, 0.069885656, -0.023916574, 0.00071297103, 0.044848144, -0.052345369, -0.037150856, -0.049023278, -0.099429145, -0.057156261, -0.11116534, 0.01760079, -0.12767674, 0.0092657404, 0.082367428, 0.072919525, -0.022259045, -0.021823179, 0.19118762, 0.076513074, 0.032409362, -0.15273325, -0.056180913, 0.11177719, 0.13107063, 0.096704312, 0.11417988, -0.098436885, 0.050189, 0.23895721, 0.10950898, -0.15268901, -0.10809193, 0.050712809, -0.06379804, -0.0045243567, 0.045014765, -0.16342063, 5.1815685e-05, 0.16621219, -0.050619632, -0.12129743, -0.040395677, 0.058677837, -0.0050528855, -0.017547153, 0.0089758243, 0.013781806, 0.050293911, 0.10723159, -0.029539431, 0.12193567, -0.035972238, -0.12034622, 0.10005145, -0.0092499694, 0.061138477, 0.081977144, 0.0024743027, 0.02004317, 0.081536964, 0.15782988, 0.17847721, -0.063943058, 0.14306982, 0.028629161, 0.0553464, -0.065080024, 0.011680091, 0.060172271, 0.012917477, 0.11487971, -0.075059168, 0.011056319, 0.07786423, 0.092585951, -0.0077428496, -0.098095864, -0.020106209, 0.0017621075, 0.081067875, 0.060547471, -0.14237668, -0.093559086, 0.14252456, 0.062426656, 0.23309597, -0.10218143, -0.077024661, -0.0013689637, -0.19295603, -0.059605472, 0.023423981, 0.070202135, 0.073808983, -0.095708415, 0.076758943, -0.13247794, 0.034284204, 0.065546893, -0.07656309, -0.086175539, 0.10535293, -0.069616169, -0.03805615, 0.071252972, -0.16542903, 0.038147449, -0.090118468, 0.03804129, -0.023529632, -0.022005815, -0.065096751, -0.038958803, -0.072834931, 0.12032499, -0.0044916617, -0.030072119, -0.13339067, -0.1456646],
   "丹麦-9-前锋-布雷恩韦特2": [-0.074887447, 0.093610369, -0.086544342, 0.052858628, 0.065700904, -0.1330367, -0.18289496, 0.078521915, -0.003068509, 0.045785379, 0.16483577, 0.019103291, -0.038105231, -0.096053958, 0.20011851, -0.10438187, 0.03466323, 0.062723912, 0.14108922, -0.065534249, -0.12191158, 0.12071024, -0.05348593, 0.22783954, -0.10968933, 0.015216574, 0.071928136, -0.094660513, -0.050576057, 0.096671544, 0.12174778, 0.070161916, 0.23510826, 0.14430763, -0.00099039054, 0.0031634944, -0.0057318159, -0.007581328, -0.084595382, -0.081633061, -0.047376949, -0.0046586017, 0.21169357, -0.13757376, 0.087143883, -0.030477207, 0.0077261287, -0.039149534, -0.0079040946, -0.0075340923, 0.091852732, 0.17497995, 0.073390916, -0.13588996, -0.029341917, 0.054658443, 0.037904639, -0.085424677, -0.11260368, -0.14249399, 0.048951689, -0.060578652, -0.051156569, -0.049320366, 0.035940882, -0.034537535, -0.009693698, -0.045648985, -0.089188248, 0.17382956, 0.038219258, -0.064060718, 0.025558153, -0.019424193, -0.014175438, 0.018658342, 0.0003418687, -0.075246342, -0.055166088, 0.040687144, -0.1291146, 0.03977365, -0.025333056, -0.044664629, 0.071999222, 0.01523194, 0.11813684, 0.10673034, 0.086792253, 0.14949039, -0.032069907, -0.12635852, 0.050293524, 0.10346873, 0.1075665, 0.035898875, 0.058058672, -0.073899016, -0.081210956, -0.059970275, -0.078667708, 0.014513813, 0.024972491, -0.028708756, -0.080479436, 0.081773967, 0.12898874, 0.13213217, 0.10938489, -0.034540597, 0.010813877, 0.022190573, 0.080455638, 0.00089429581, -0.018538922, -0.082828984, -0.051335443, 0.10065389, -0.057975642, -0.016381014, 0.038389649, -0.076771475, 0.023091068, 0.10762432, -0.045239236, -0.027686508, -0.17848945, 0.088992402],
   "丹麦前锋-布雷特韦恩": [0.030624883, 0.039590266, 0.115693, 0.11423706, -0.11863935, 0.084405959, -0.019600179, 0.14775008, -0.096997827, 0.031488989, 0.088761553, 0.052429639, -0.025689116, 0.033650596, -0.066514835, -0.025661189, -0.099978253, 0.12657812, -0.055980522, 0.055341151, 0.14521158, -0.10563305, 0.040499669, 0.089061037, -0.075358562, 0.096269712, -0.0046533006, 0.0005732461, -0.079438351, 0.017278735, 0.061400495, -0.0490367, -0.0052505592, 0.060291886, 0.0039813411, 0.048594818, -0.15805849, 0.17847438, 0.16691552, 0.031733796, -0.24793166, 0.11344754, 0.072014049, 0.058051538, -0.0047475602, 0.069938168, 0.053934123, -0.0011448386, -0.1090039, 0.075986125, -0.081951186, -0.076996297, -0.14915957, -0.051978726, 0.046815172, -0.07755468, 0.0086585181, -0.064189397, -0.11305937, -0.14677854, 0.0012401518, 0.064694278, 0.099395826, -0.12547567, 0.030468039, -0.031777907, -0.10181676, 0.0063145673, -0.075636089, 0.051631574, 0.14554664, -0.017162642, 0.023365142, -0.037667952, 0.067611627, 0.17350659, 0.084276363, 0.052503996, 0.022699013, -0.021145735, -0.24735622, 0.18667264, 0.052847978, 0.038546447, 0.066912532, -0.019453188, 0.019259043, 0.039834607, -0.018150879, 0.021519123, -0.075471058, 0.010224023, 0.0046076858, -0.079246596, 0.058535788, 0.037009917, 0.03258634, -0.052870024, -0.21983108, -0.10207769, 0.0030164442, -0.025163462, -0.037001438, 0.045159869, 0.10367557, 0.053006221, 0.054369535, 0.05951855, 0.074440308, 0.10920401, 0.097840488, 0.04317208, 0.10891797, -0.098578572, 0.086121351, 0.15448584, 0.082986102, -0.0070526404, 0.087120019, -0.00081977027, -0.12820429, 0.024542557, -0.16090988, 0.068645418, -0.10524639, 0.13028982, -0.051404096, 0.088762656],
   "前锋多尔贝尔-1": [0.039073955, -0.049776066, 0.22605522, 0.045922786, -0.09484452, -0.059952233, -0.11406235, 0.080682874, -0.15636276, -0.012185561, -0.0071791159, 0.012678079, 0.083636135, -0.085357688, -0.023832984, -0.043469947, -0.074960209, 0.056835819, -0.19781454, 0.10503874, -0.023829218, -0.14135291, -0.12847811, 0.040576737, -0.12419515, 0.0046959156, 0.033585873, 0.0066339085, 0.012498665, 0.04191919, 0.11362508, -0.039806027, -0.032020736, -0.026150299, 0.014922038, -0.09284196, -0.0047274912, 0.076244265, 0.043851342, 0.036247432, -0.15871947, -0.027179321, 0.076754957, -0.0062092403, -0.056476027, -0.01013418, -0.025577301, -0.11820316, -0.26067597, -0.034871981, -0.058479141, -0.18983145, -0.0091950521, 0.033156563, 0.0038055782, -0.048392318, 0.11424832, -0.048160054, -0.031308692, -0.031950358, 0.051409695, -0.047819387, 0.083434924, -0.09813676, -0.074717768, -0.06236117, -0.0012001507, -0.013950997, -0.063399434, 0.017287491, 0.16998316, 0.081956178, -0.11150327, -0.077654824, 0.0088993339, -0.041098099, -0.0074128429, 0.024365699, 0.040099289, -0.010705571, -0.1643509, 0.090133771, 0.021503331, -0.011933789, -0.028398659, -0.097375937, 0.027804855, -0.021937814, 0.051901281, 0.016686792, 0.081107087, 0.059708759, -0.0031297717, -0.02924639, 0.026817644, -0.059095196, -0.024647789, -0.16218692, -0.2232109, -0.05902233, -0.10561802, -0.084232226, -0.034716725, 0.24817954, -0.047045194, 0.088171355, 0.032928254, 0.078765646, -0.044527564, 0.038305238, -0.032353092, 0.00044980086, 0.029183907, -0.040813018, 0.22150187, 0.093938075, 0.033999894, -0.0077996426, -0.027929926, -0.096116163, -0.029114481, -1.4455229e-05, -0.12132823, 0.18163088, -0.1684788, -0.005391771, 0.033692997, 0.21785575],